image201.jpg,0
image202.jpg,0
image203.jpg,1
image204.jpg,0
image205.jpg,1
image206.jpg,0
image207.jpg,0
image208.jpg,1
image210.jpg,1
image246.jpg,0
image247.jpg,0
image248.jpg,0
image249.jpg,0
image250.jpg,0
image251.jpg,0
image252.jpg,0
image253.jpg,0
image254.jpg,0
image255.jpg,0
image256.jpg,0
image257.jpg,1
image258.jpg,1
image259.jpg,1
image260.jpg,1
image261.jpg,1
image262.jpg,1
image263.jpg,1
image265.jpg,0
image266.jpg,0
image267.jpg,0
image268.jpg,0
image269.jpg,1
image270.jpg,1
image271.jpg,1
image272.jpg,1
image273.jpg,1
image275.jpg,1
image276.jpg,1
image277.jpg,0
image278.jpg,1
image279.jpg,1
image280.jpg,1
image281.jpg,1
image282.jpg,1
image283.jpg,1
image284.jpg,1
image285.jpg,1
image287.jpg,1
image288.jpg,1
image289.jpg,1
image290.jpg,1
image291.jpg,1
image292.jpg,0
image293.jpg,0
image294.jpg,0
image295.jpg,0
image296.jpg,0
image298.jpg,0
image299.jpg,0
image300.jpg,1
image301.jpg,1
image302.jpg,1
image303.jpg,1
image304.jpg,0
image305.jpg,0
image306.jpg,0
image307.jpg,0
image308.jpg,0
image309.jpg,0
image310.jpg,0
image311.jpg,0
image312.jpg,0
image313.jpg,0
image314.jpg,0
image315.jpg,0
image316.jpg,0
image317.jpg,0
image318.jpg,1
image320.jpg,0
image321.jpg,0
image322.jpg,0
image323.jpg,1
image324.jpg,1
image326.jpg,1
image327.jpg,0
image328.jpg,0
image330.jpg,0
image331.jpg,0
image333.jpg,0
image335.jpg,0
image336.jpg,0
image337.jpg,0
image400.jpg,0
image401.jpg,0
image402.jpg,0
image403.jpg,0
image404.jpg,0
image405.jpg,0
image406.jpg,1
image409.jpg,0
image410.jpg,1
image411.jpg,1
image412.jpg,1
image413.jpg,1
image414.jpg,1
image415.jpg,1
image416.jpg,0
image420.jpg,0
image421.jpg,0
image422.jpg,1
image423.jpg,0
image424.jpg,0
image425.jpg,0
image426.jpg,0
image427.jpg,0
image428.jpg,0
image429.jpg,0
image430.jpg,0
image431.jpg,0
image432.jpg,0
image433.jpg,0
image434.jpg,0
image435.jpg,0
image436.jpg,0
image437.jpg,0
image438.jpg,1
image439.jpg,1
image441.jpg,1
image442.jpg,0
image443.jpg,0
image444.jpg,0
image446.jpg,0
image447.jpg,0
image448.jpg,0
image449.jpg,0
image450.jpg,1
image451.jpg,1
image452.jpg,1
image453.jpg,1
image454.jpg,1
image455.jpg,1
image456.jpg,0
image457.jpg,0
image458.jpg,0
image459.jpg,0
image460.jpg,0
image461.jpg,0
image462.jpg,0
image463.jpg,0
image464.jpg,0
image465.jpg,0
image466.jpg,0
image467.jpg,0
image468.jpg,1
image469.jpg,1
image470.jpg,1
image472.jpg,1
image473.jpg,1
image474.jpg,1
image475.jpg,1
image476.jpg,1
image477.jpg,1
image478.jpg,1
image479.jpg,0
image480.jpg,0
image481.jpg,0
image483.jpg,0
image484.jpg,0
image485.jpg,0
image486.jpg,0
image487.jpg,0
image488.jpg,0
image489.jpg,0
image490.jpg,0
image491.jpg,0
image492.jpg,0
image493.jpg,0
image494.jpg,1
image495.jpg,1
image496.jpg,1
image497.jpg,1
image498.jpg,1
image499.jpg,1
image500.jpg,1
image501.jpg,1
image502.jpg,1
image503.jpg,1
image504.jpg,1
image505.jpg,1
image506.jpg,0
image507.jpg,0
image508.jpg,0
image509.jpg,0
image510.jpg,1
image511.jpg,1
image512.jpg,1
image513.jpg,1
image514.jpg,1
image515.jpg,1
image516.jpg,1
image517.jpg,1
image518.jpg,1
image519.jpg,1
image520.jpg,1
image521.jpg,1
image522.jpg,1
image523.jpg,1
image524.jpg,1
image525.jpg,1
image526.jpg,1
image527.jpg,1
image528.jpg,1
image529.jpg,1
image530.jpg,1
image531.jpg,1
image532.jpg,0
image533.jpg,0
image534.jpg,0
image535.jpg,1
image536.jpg,1
image537.jpg,1
image538.jpg,1
image539.jpg,1
image540.jpg,1
image541.jpg,1
image542.jpg,1
image543.jpg,1
image545.jpg,1
image546.jpg,1
image547.jpg,1
image548.jpg,1
image549.jpg,1
image550.jpg,0
image551.jpg,0
image552.jpg,0
image553.jpg,0
image554.jpg,0
image555.jpg,0
image556.jpg,0
image557.jpg,0
image558.jpg,0
image559.jpg,0
image560.jpg,1
image561.jpg,1
image562.jpg,1
image563.jpg,1
image564.jpg,1
image565.jpg,1
image566.jpg,1
image567.jpg,1
image568.jpg,1
image569.jpg,1
image570.jpg,1
image571.jpg,1
image572.jpg,1
image573.jpg,1
image574.jpg,1
image575.jpg,1
image576.jpg,0
image577.jpg,0
image578.jpg,0
image579.jpg,0
image580.jpg,0
image581.jpg,0
image582.jpg,0
image583.jpg,0
image584.jpg,0
image585.jpg,0
image586.jpg,0
image587.jpg,0
image588.jpg,0
image589.jpg,0
image590.jpg,0
image591.jpg,0
image592.jpg,0
image593.jpg,0
image594.jpg,0
image595.jpg,0
image596.jpg,0
image597.jpg,1
image598.jpg,1
image599.jpg,1
image600.jpg,1
image601.jpg,1
image602.jpg,1
image603.jpg,1
image604.jpg,1
image605.jpg,1
image606.jpg,1
image607.jpg,1
image608.jpg,1
image609.jpg,1
image610.jpg,0
image611.jpg,0
image613.jpg,0
image614.jpg,0
image615.jpg,0
image616.jpg,0
image617.jpg,0
image618.jpg,0
image619.jpg,0
image620.jpg,0
image621.jpg,0
image622.jpg,0
image623.jpg,0
image624.jpg,0
image625.jpg,0
image626.jpg,0
image627.jpg,0
image628.jpg,0
image629.jpg,0
image630.jpg,0
image631.jpg,0
image632.jpg,0
image633.jpg,0
image634.jpg,0
image635.jpg,0
image636.jpg,0
image637.jpg,0
image638.jpg,0
image639.jpg,0
image640.jpg,0
image641.jpg,0
image642.jpg,0
image643.jpg,0
image644.jpg,0
image645.jpg,0
image646.jpg,0
image647.jpg,0
image648.jpg,0
image649.jpg,0
image650.jpg,0
image651.jpg,0
image652.jpg,0
image653.jpg,0
image654.jpg,0
image655.jpg,1
image656.jpg,1
image657.jpg,1
image658.jpg,1
image659.jpg,1
image660.jpg,1
image661.jpg,1
image662.jpg,1
image663.jpg,1
image664.jpg,0
image665.jpg,1
image666.jpg,1
image667.jpg,1
image668.jpg,1
image669.jpg,1
image670.jpg,1
image671.jpg,1
image672.jpg,1
image673.jpg,1
image674.jpg,1
image675.jpg,1
image676.jpg,1
image677.jpg,1
image678.jpg,1
image679.jpg,1
image680.jpg,1
image681.jpg,1
image682.jpg,1
image683.jpg,1
image684.jpg,1
image685.jpg,1
image686.jpg,1
image687.jpg,1
image688.jpg,1
image689.jpg,1
image690.jpg,1
image691.jpg,1
image692.jpg,1
image693.jpg,1
image694.jpg,1
image695.jpg,1
image696.jpg,1
image697.jpg,0
image698.jpg,0
image699.jpg,0
image700.jpg,0
image701.jpg,0
image702.jpg,1
image703.jpg,1
image704.jpg,1
image705.jpg,1
image706.jpg,1
image707.jpg,1
image708.jpg,1
image709.jpg,1
image710.jpg,1
image711.jpg,1
image712.jpg,1
image713.jpg,1
image714.jpg,1
image715.jpg,1
image716.jpg,1
image717.jpg,1
image718.jpg,1
image719.jpg,1
image720.jpg,1
image721.jpg,1
image722.jpg,0
image723.jpg,0
image724.jpg,0
image725.jpg,0
image726.jpg,0
image727.jpg,0
image728.jpg,1
image729.jpg,1
image730.jpg,1
image731.jpg,1
image732.jpg,1
image733.jpg,1
image734.jpg,1
image735.jpg,1
image736.jpg,1
image737.jpg,1
image738.jpg,1
image739.jpg,1
image740.jpg,1
image741.jpg,1
image742.jpg,1
image743.jpg,1
image744.jpg,1
image745.jpg,1
image746.jpg,1
image747.jpg,1
image748.jpg,1
image749.jpg,1
image750.jpg,1
image751.jpg,1
image752.jpg,1
image753.jpg,1
image754.jpg,1
image755.jpg,1
image756.jpg,1
image757.jpg,1
image758.jpg,1
image759.jpg,1
image760.jpg,1
image761.jpg,1
image762.jpg,1
image763.jpg,1
image764.jpg,1
image765.jpg,1
image766.jpg,1
image767.jpg,1
image768.jpg,1
image769.jpg,1
image770.jpg,1
image771.jpg,1
image772.jpg,1
image773.jpg,1
image774.jpg,1
image775.jpg,1
image776.jpg,1
image777.jpg,1
image778.jpg,1
image779.jpg,1
image780.jpg,0
image781.jpg,0
image782.jpg,0
image783.jpg,1
image784.jpg,1
image785.jpg,0
image786.jpg,1
image787.jpg,1
image788.jpg,1
image789.jpg,1
image790.jpg,1
image791.jpg,1
image792.jpg,1
image793.jpg,1
image794.jpg,1
image795.jpg,1
image796.jpg,1
image797.jpg,0
image798.jpg,0
image799.jpg,0
image800.jpg,0
image801.jpg,1
image802.jpg,1
image803.jpg,1
image804.jpg,0
image805.jpg,0
image806.jpg,0
image807.jpg,1
image808.jpg,1
image809.jpg,1
image810.jpg,1
image811.jpg,1
image812.jpg,1
image813.jpg,1
image814.jpg,1
image815.jpg,1
image816.jpg,1
image817.jpg,1
image818.jpg,1
image819.jpg,1
image820.jpg,1
image821.jpg,1
image822.jpg,1
image823.jpg,1
image824.jpg,0
image825.jpg,0
image826.jpg,0
image827.jpg,0
image828.jpg,0
image829.jpg,0
image830.jpg,0
image831.jpg,0
image832.jpg,0
image833.jpg,0
image834.jpg,0
image835.jpg,0
image836.jpg,0
image837.jpg,0
image838.jpg,0
image839.jpg,0
image840.jpg,0
image841.jpg,0
image842.jpg,0
image843.jpg,0
image844.jpg,0
image845.jpg,1
image846.jpg,1
image847.jpg,1
image848.jpg,1
image849.jpg,1
image850.jpg,1
image851.jpg,1
image852.jpg,1
image853.jpg,1
image854.jpg,1
image855.jpg,1
image856.jpg,0
image857.jpg,0
image858.jpg,0
image859.jpg,0
image860.jpg,0
image861.jpg,0
image862.jpg,0
image863.jpg,0
image864.jpg,0
image865.jpg,0
image866.jpg,0
image867.jpg,0
image868.jpg,0
image869.jpg,0
image870.jpg,0
image871.jpg,0
image872.jpg,0
image873.jpg,0
image874.jpg,0
image875.jpg,1
image876.jpg,0
image877.jpg,1
image878.jpg,1
image879.jpg,1
image880.jpg,1
image881.jpg,1
image882.jpg,1
image883.jpg,1
image884.jpg,1
image885.jpg,1
image886.jpg,1
image887.jpg,1
image888.jpg,1
image889.jpg,1
image890.jpg,1
image891.jpg,0
image892.jpg,1
image893.jpg,1
image894.jpg,1
image895.jpg,1
image896.jpg,1
image897.jpg,1
image898.jpg,1
image899.jpg,1
image900.jpg,1
image901.jpg,1
image902.jpg,1
image903.jpg,1
image904.jpg,0
image905.jpg,0
image906.jpg,0
image907.jpg,0
image908.jpg,1
image909.jpg,1
image910.jpg,1
image911.jpg,1
image912.jpg,1
image913.jpg,1
image914.jpg,1
image915.jpg,1
image916.jpg,1
image917.jpg,1
image918.jpg,1
image919.jpg,0
image920.jpg,0
image921.jpg,0
image922.jpg,0
image923.jpg,0
image924.jpg,0
image925.jpg,0
image926.jpg,1
image927.jpg,1
image928.jpg,1
image929.jpg,1
image930.jpg,1
image931.jpg,1
image937.jpg,0
image938.jpg,0
image940.jpg,0
image941.jpg,0
image942.jpg,1
image943.jpg,1
image944.jpg,1
image945.jpg,1
image946.jpg,1
image947.jpg,1
image948.jpg,1
image949.jpg,1
image950.jpg,0
image951.jpg,0
image952.jpg,0
image953.jpg,0
image954.jpg,0
image955.jpg,0
image956.jpg,0
image961.jpg,0
image962.jpg,0
image963.jpg,0
image964.jpg,0
image965.jpg,0
image966.jpg,0
image967.jpg,0
image968.jpg,0
image969.jpg,0
image970.jpg,0
image971.jpg,0
image972.jpg,0
image973.jpg,0
image974.jpg,0
image975.jpg,0
image976.jpg,0
image977.jpg,0
image978.jpg,0
image979.jpg,1
image980.jpg,1
image981.jpg,1
image982.jpg,1
image983.jpg,1
image984.jpg,1
image985.jpg,1
image986.jpg,1
image987.jpg,1
image988.jpg,1
image989.jpg,1
image990.jpg,1
image991.jpg,1
image992.jpg,1
image993.jpg,1
image994.jpg,1
image995.jpg,1
image996.jpg,1
image997.jpg,1
image998.jpg,1
image999.jpg,1
image1000.jpg,1
image1001.jpg,1
image1002.jpg,1
image1003.jpg,1
image1004.jpg,1
image1005.jpg,1
image1006.jpg,1
image1007.jpg,1
image1008.jpg,1
image1009.jpg,0
image1010.jpg,0
image1011.jpg,0
image1012.jpg,0
image1013.jpg,0
image1014.jpg,0
image1015.jpg,0
image1016.jpg,0
image1017.jpg,1
image1018.jpg,1
image1019.jpg,1
image1020.jpg,1
image1021.jpg,1
image1022.jpg,1
image1023.jpg,1
image1024.jpg,1
image1025.jpg,1
image1026.jpg,1
image1027.jpg,1
image1028.jpg,1
image1029.jpg,1
image1030.jpg,1
image1031.jpg,1
image1032.jpg,1
image1033.jpg,1
image1034.jpg,1
image1035.jpg,1
image1036.jpg,0
image1037.jpg,0
image1038.jpg,0
image1039.jpg,0
image1040.jpg,0
image1041.jpg,0
image1042.jpg,0
image1043.jpg,0
image1044.jpg,0
image1045.jpg,0
image1046.jpg,0
image1047.jpg,0
image1048.jpg,0
image1049.jpg,0
image1050.jpg,0
image1051.jpg,0
image1052.jpg,0
image1053.jpg,0
image1054.jpg,0
image1055.jpg,0
image1056.jpg,0
image1057.jpg,0
image1058.jpg,0
image1059.jpg,0
image1060.jpg,0
image1061.jpg,0
image1062.jpg,0
image1063.jpg,0
image1064.jpg,0
image1065.jpg,0
image1066.jpg,0
image1067.jpg,0
image1068.jpg,0
image1069.jpg,0
image1070.jpg,0
image1071.jpg,0
image1072.jpg,0
image1073.jpg,0
image1074.jpg,0
image1075.jpg,0
image1076.jpg,0
image1077.jpg,0
image1078.jpg,1
image1079.jpg,1
image1080.jpg,1
image1081.jpg,1
image1082.jpg,1
image1084.jpg,1
image1085.jpg,1
image1086.jpg,1
image1087.jpg,1
image1088.jpg,1
image1089.jpg,1
image1091.jpg,0
image1092.jpg,0
image1093.jpg,0
image1094.jpg,0
image1095.jpg,0
image1097.jpg,0
image1098.jpg,0
image1099.jpg,0
image1100.jpg,0
image1101.jpg,1
image1102.jpg,1
image1103.jpg,1
image1105.jpg,1
image1106.jpg,1
image1107.jpg,1
image1108.jpg,1
image1109.jpg,1
image1110.jpg,1
image1111.jpg,1
image1112.jpg,1
image1113.jpg,1
image1114.jpg,1
image1115.jpg,1
image1116.jpg,1
image1117.jpg,0
image1118.jpg,0
image1119.jpg,0
image1121.jpg,0
image1122.jpg,0
image1123.jpg,0
image1124.jpg,0
image1125.jpg,0
image1126.jpg,0
image1127.jpg,0
image1129.jpg,0
image1130.jpg,0
image1131.jpg,0
image1132.jpg,0
image1133.jpg,0
image1134.jpg,0
image1135.jpg,0
image1136.jpg,0
image1138.jpg,1
image1139.jpg,1
image1140.jpg,0
image1141.jpg,0
image1142.jpg,0
image1143.jpg,0
image1144.jpg,0
image1145.jpg,0
image1146.jpg,0
image1147.jpg,0
image1148.jpg,0
image1149.jpg,0
image1150.jpg,0
image1151.jpg,0
image1152.jpg,0
image1153.jpg,0
image1154.jpg,0
image1155.jpg,0
image1156.jpg,0
image1157.jpg,0
image1158.jpg,0
image1160.jpg,1
image1162.jpg,1
image1163.jpg,1
image1164.jpg,1
image1165.jpg,1
image1166.jpg,1
image1167.jpg,1
image1168.jpg,1
image1169.jpg,1
image1171.jpg,1
image1172.jpg,0
image1173.jpg,0
image1174.jpg,0
image1175.jpg,0
